id,pred
2019_1101_1113,0.10541511843808049
2019_1101_1120,0.03885458654913654
2019_1101_1124,0.09250765446416931
2019_1101_1125,0.16717472295034608
2019_1101_1133,0.3094965609864556
2019_1101_1138,0.0866473952101593
2019_1101_1153,0.051988976893719396
2019_1101_1159,0.4021494306857657
2019_1101_1181,0.022313126238002634
2019_1101_1192,0.5928794045120096
2019_1101_1196,0.1027007320052783
2019_1101_1199,0.05216347254855358
2019_1101_1205,0.536361095048191
2019_1101_1209,0.29796120529208026
2019_1101_1211,0.0255038866714713
2019_1101_1222,0.05107977296637567
2019_1101_1233,0.4285736290185622
2019_1101_1234,0.11507951484671652
2019_1101_1235,0.0783764565602445
2019_1101_1242,0.05320322108292319
2019_1101_1243,0.07335162937769213
2019_1101_1246,0.03673427165505749
2019_1101_1251,0.28820011365771214
2019_1101_1257,0.08242204966276567
2019_1101_1261,0.05778775714169493
2019_1101_1266,0.0984084835106318
2019_1101_1268,0.07938389260526013
2019_1101_1276,0.04838238906287007
2019_1101_1277,0.035161889401076674
2019_1101_1278,0.1317593275727318
2019_1101_1279,0.14359067274262338
2019_1101_1280,0.09143048981501478
2019_1101_1285,0.3390320045182318
2019_1101_1293,0.18709472139247885
2019_1101_1295,0.4750464458293566
2019_1101_1297,0.3088636532280532
2019_1101_1300,0.7723552043073321
2019_1101_1305,0.07353302488379965
2019_1101_1308,0.1304750605196061
2019_1101_1314,0.028719148537589945
2019_1101_1318,0.21162349309811457
2019_1101_1326,0.10554985380026316
2019_1101_1328,0.11599039532595101
2019_1101_1330,0.25999112906743127
2019_1101_1332,0.07865734914743117
2019_1101_1341,0.6943709613890696
2019_1101_1345,0.04904754819240509
2019_1101_1371,0.09899113357978406
2019_1101_1385,0.14087709105844692
2019_1101_1387,0.2442192096524688
2019_1101_1388,0.1321455886984363
2019_1101_1393,0.11268167499001858
2019_1101_1396,0.13691796746422602
2019_1101_1397,0.03952275660593907
2019_1101_1403,0.036530357977542005
2019_1101_1414,0.2092291696642643
2019_1101_1416,0.10835361318791892
2019_1101_1429,0.12194701218706439
2019_1101_1433,0.16293600558812027
2019_1101_1436,0.22539965815122576
2019_1101_1437,0.05073382182476471
2019_1101_1438,0.02114465970586743
2019_1101_1439,0.05387497410007691
2019_1101_1449,0.10166558513092994
2019_1101_1458,0.08607125293057272
2019_1101_1459,0.21210774473611937
2019_1101_1463,0.27848384480484456
2019_1113_1120,0.2540356688316463
2019_1113_1124,0.4619991087364438
2019_1113_1125,0.6283890778233416
2019_1113_1133,0.7906126907975168
2019_1113_1138,0.44418889863715194
2019_1113_1153,0.3159951955542002
2019_1113_1159,0.8499972368216702
2019_1113_1181,0.16125526044645744
2019_1113_1192,0.9246295618737679
2019_1113_1196,0.4908825833747972
2019_1113_1199,0.31675972434257704
2019_1113_1205,0.9069371495283256
2019_1113_1209,0.7814388588131227
2019_1113_1211,0.18064359077733172
2019_1113_1222,0.31198840570767883
2019_1113_1233,0.8633530837355616
2019_1113_1234,0.5227897019974149
2019_1113_1235,0.4173851861568125
2019_1113_1242,0.321285801375075
2019_1113_1243,0.40006051436394907
2019_1113_1246,0.24314335130613685
2019_1113_1251,0.7732851397420029
2019_1113_1257,0.43075092499994294
2019_1113_1261,0.34065939035705617
2019_1113_1266,0.47902779855792377
2019_1113_1268,0.4207607652889501
2019_1113_1276,0.29986707531960055
2019_1113_1277,0.2348902267651387
2019_1113_1278,0.5610943290310393
2019_1113_1279,0.5854809559173066
2019_1113_1280,0.4587946886027946
2019_1113_1285,0.8120652057041936
2019_1113_1293,0.6597312728516299
2019_1113_1295,0.8840340815326401
2019_1113_1297,0.7901217239944056
2019_1113_1300,0.9661949209825484
2019_1113_1305,0.4007004796755348
2019_1113_1308,0.5583162845490728
2019_1113_1314,0.19941492742894218
2019_1113_1318,0.6933715881186544
2019_1113_1326,0.4985176808448488
2019_1113_1328,0.5250130889633511
2019_1113_1330,0.7474544657900384
2019_1113_1332,0.41832956771244334
2019_1113_1341,0.9503452250033977
2019_1113_1345,0.30288918379904806
2019_1113_1371,0.480662568113176
2019_1113_1385,0.5800728133129972
2019_1113_1387,0.7313359729250964
2019_1113_1388,0.5619246336786254
2019_1113_1393,0.51685848127491
2019_1113_1396,0.5719884730289957
2019_1113_1397,0.2574132015257472
2019_1113_1403,0.24208160261037281
2019_1113_1414,0.6902991957936306
2019_1113_1416,0.5058564653279314
2019_1113_1429,0.5391636535683766
2019_1113_1433,0.6211785276922552
2019_1113_1436,0.7102553141278464
2019_1113_1437,0.3104535066787223
2019_1113_1438,0.15395658789736777
2019_1113_1439,0.32418343541244754
2019_1113_1449,0.4880630026124516
2019_1113_1458,0.4423868662514122
2019_1113_1459,0.6939878213872593
2019_1113_1463,0.7647862603300677
2019_1120_1124,0.7234227490558356
2019_1120_1125,0.837414203946549
2019_1120_1133,0.9200056174984058
2019_1120_1138,0.7088122181263119
2019_1120_1153,0.5845701245325288
2019_1120_1159,0.9452348946185002
2019_1120_1181,0.3693242247130536
2019_1120_1192,0.9739357045805933
2019_1120_1196,0.745987836468665
2019_1120_1199,0.5854283001538303
2019_1120_1205,0.9674094332081788
2019_1120_1209,0.9158977925809081
2019_1120_1211,0.4017467279029626
2019_1120_1222,0.5800457460415752
2019_1120_1233,0.9506038180542713
2019_1120_1234,0.769417117741243
2019_1120_1235,0.6857413370296315
2019_1120_1242,0.5904755935708546
2019_1120_1243,0.6700890577439941
2019_1120_1246,0.49456975735565234
2019_1120_1251,0.9121966229919947
2019_1120_1257,0.6974138142029559
2019_1120_1261,0.6114576952231227
2019_1120_1266,0.736889295280954
2019_1120_1268,0.6887216545138124
2019_1120_1276,0.5660787005676984
2019_1120_1277,0.4832312456267567
2019_1120_1278,0.7956630376182836
2019_1120_1279,0.8113973691346812
2019_1120_1280,0.7208345354466855
2019_1120_1285,0.929385389564043
2019_1120_1293,0.8551895830284412
2019_1120_1295,0.9587112601297859
2019_1120_1297,0.9197872667660274
2019_1120_1300,0.9886436330890443
2019_1120_1305,0.6706780912037293
2019_1120_1308,0.7938241341190326
2019_1120_1314,0.43139686793802345
2019_1120_1318,0.8732195628049867
2019_1120_1326,0.7517320909187901
2019_1120_1328,0.7709947784799043
2019_1120_1330,0.9001491296552119
2019_1120_1332,0.686577371445349
2019_1120_1341,0.9831354249244548
2019_1120_1345,0.5696010099709361
2019_1120_1371,0.7381572071592155
2019_1120_1385,0.8079699745691867
2019_1120_1387,0.8923729541104849
2019_1120_1388,0.79621076339848
2019_1120_1393,0.7651743418337194
2019_1120_1396,0.8027813798849133
2019_1120_1397,0.5135825745618072
2019_1120_1403,0.4931254322981371
2019_1120_1414,0.8716155636617304
2019_1120_1416,0.7571702931843064
2019_1120_1429,0.7808757313814453
2019_1120_1433,0.8331827815194046
2019_1120_1436,0.8818873203315923
2019_1120_1437,0.578300554585
2019_1120_1438,0.35661210359768225
2019_1120_1439,0.5936774075115181
2019_1120_1449,0.7438438256467885
2019_1120_1458,0.7073027926667539
2019_1120_1459,0.8735402754447419
2019_1120_1463,0.9082875284553316
2019_1124_1125,0.6644437845020164
2019_1124_1133,0.8155480224164928
2019_1124_1138,0.483423596772548
2019_1124_1153,0.3510585947142313
2019_1124_1159,0.869032125621846
2019_1124_1181,0.18376130234079346
2019_1124_1192,0.9349189669221584
2019_1124_1196,0.5303065382842963
2019_1124_1199,0.35186431713090516
2019_1124_1205,0.9194314212219372
2019_1124_1209,0.8072002609315202
2019_1124_1211,0.205193616700321
2019_1124_1222,0.3468326441787769
2019_1124_1233,0.8809305701113566
2019_1124_1234,0.5619477463864262
2019_1124_1235,0.456195560438427
2019_1124_1242,0.3566301736790023
2019_1124_1243,0.43847233546625564
2019_1124_1246,0.2733535516108815
2019_1124_1251,0.7997613393873864
2019_1124_1257,0.46980194652191765
2019_1124_1261,0.376951346538669
2019_1124_1266,0.5184692420526611
2019_1124_1268,0.4596373921747694
2019_1124_1276,0.3340147732215605
2019_1124_1277,0.26443325993069056
2019_1124_1278,0.5995170374851491
2019_1124_1279,0.6232024506849025
2019_1124_1280,0.49816319532576603
2019_1124_1285,0.8349790536754812
2019_1124_1293,0.6942247839921933
2019_1124_1295,0.8992616905695946
2019_1124_1297,0.815101849746736
2019_1124_1300,0.9709879609909515
2019_1124_1305,0.43912877114110815
2019_1124_1308,0.5968074325419902
2019_1124_1314,0.22581296308757304
2019_1124_1318,0.7258719080578142
2019_1124_1326,0.5379069609524677
2019_1124_1328,0.5641407964392063
2019_1124_1330,0.7760736934335846
2019_1124_1332,0.4571588509731407
2019_1124_1341,0.9572861612033697
2019_1124_1345,0.33721527161185605
2019_1124_1371,0.5201042358600445
2019_1124_1385,0.6179653212337541
2019_1124_1387,0.7611982238173551
2019_1124_1388,0.600326430990286
2019_1124_1393,0.5560899590044006
2019_1124_1396,0.6101201670375956
2019_1124_1397,0.2887200557136964
2019_1124_1403,0.27220732816409754
2019_1124_1414,0.7229950675312496
2019_1124_1416,0.5451952007588949
2019_1124_1429,0.5780625050748589
2019_1124_1433,0.6575515728746012
2019_1124_1436,0.7416329146107048
2019_1124_1437,0.3452123336292786
2019_1124_1438,0.17565730679814484
2019_1124_1439,0.35967764703254435
2019_1124_1449,0.5274951316354362
2019_1124_1458,0.4816003121307143
2019_1124_1459,0.7264485939521244
2019_1124_1463,0.7919879910286856
2019_1125_1133,0.694588674438515
2019_1125_1138,0.32494445318091003
2019_1125_1153,0.2176864175176304
2019_1125_1159,0.7734012617776004
2019_1125_1181,0.1037830370836419
2019_1125_1192,0.8807987473245406
2019_1125_1196,0.36738867564007593
2019_1125_1199,0.21828900132808282
2019_1125_1205,0.8544372653246914
2019_1125_1209,0.6828951722111763
2019_1125_1211,0.11722705414071544
2019_1125_1222,0.21453519996061743
2019_1125_1233,0.7919073919552975
2019_1125_1234,0.3975365453523798
2019_1125_1235,0.30143392723001794
2019_1125_1242,0.22186495496441005
2019_1125_1243,0.2865549457952278
2019_1125_1246,0.1621272350576627
2019_1125_1251,0.6726053866244166
2019_1125_1257,0.31308190927185253
2019_1125_1261,0.23733987702603432
2019_1125_1266,0.35642833166816545
2019_1125_1268,0.30436164321312287
2019_1125_1276,0.20507156622863265
2019_1125_1277,0.15605705865354225
2019_1125_1278,0.4350300008143019
2019_1125_1279,0.459675913325697
2019_1125_1280,0.33801378470787147
2019_1125_1285,0.7224251967338635
2019_1125_1293,0.5387060927846606
2019_1125_1295,0.8211615709830163
2019_1125_1297,0.6939597084472189
2019_1125_1300,0.9451007778041192
2019_1125_1305,0.287100230352174
2019_1125_1308,0.43226140501678445
2019_1125_1314,0.1304577802174839
2019_1125_1318,0.5766331646181013
2019_1125_1326,0.37451594780250796
2019_1125_1328,0.39967338065174685
2019_1125_1330,0.6406346275085477
2019_1125_1332,0.3022520607217145
2019_1125_1341,0.9201780460685589
2019_1125_1345,0.20742134655831523
2019_1125_1371,0.35793216369983516
2019_1125_1385,0.45415664967186464
2019_1125_1387,0.6211539837595226
2019_1125_1388,0.43585901053077936
2019_1125_1393,0.39185948252760006
2019_1125_1396,0.4459635043195572
2019_1125_1397,0.17272744303088305
2019_1125_1403,0.1613438472601464
2019_1125_1414,0.5731112189263
2019_1125_1416,0.3814176826043174
2019_1125_1429,0.41338581919783457
2019_1125_1433,0.49689787151418985
2019_1125_1436,0.5962013800806867
2019_1125_1437,0.21333108389240163
2019_1125_1438,0.0987792954515827
2019_1125_1439,0.22416207074121863
2019_1125_1449,0.3647702091448881
2019_1125_1458,0.323344753424752
2019_1125_1459,0.5773409965159827
2019_1125_1463,0.6619820884556582
2019_1133_1138,0.1721126615319284
2019_1133_1153,0.10728417310593552
2019_1133_1159,0.5958084072040649
2019_1133_1181,0.04763107615419049
2019_1133_1192,0.7614106240432466
2019_1133_1196,0.20052393996469398
2019_1133_1199,0.10762319194921433
2019_1133_1205,0.7171257667343587
2019_1133_1209,0.48188839668284955
2019_1133_1211,0.054241424497173285
2019_1133_1222,0.10551557657675881
2019_1133_1233,0.6217244663780344
2019_1133_1234,0.2217793332732173
2019_1133_1235,0.15708672882520425
2019_1133_1242,0.10964051897312987
2019_1133_1243,0.14782506979750465
2019_1133_1246,0.07712460155531431
2019_1133_1251,0.4701369632057155
2019_1133_1257,0.1644701066875407
2019_1133_1261,0.11847970192167079
2019_1133_1266,0.1930227699092414
2019_1133_1268,0.1589314222316044
2019_1133_1276,0.10024726948351548
2019_1133_1277,0.07395607924643544
2019_1133_1278,0.24956292429942184
2019_1133_1279,0.2686987732509861
2019_1133_1280,0.18068030754469122
2019_1133_1285,0.5292008174813696
2019_1133_1293,0.3352683148025474
2019_1133_1295,0.6647757458596211
2019_1133_1297,0.49477770297698986
2019_1133_1300,0.8814470566806243
2019_1133_1305,0.14816118823161528
2019_1133_1308,0.2474576779465233
2019_1133_1314,0.06085337572332261
2019_1133_1318,0.37037233884359666
2019_1133_1326,0.2054654575887488
2019_1133_1328,0.223321632609218
2019_1133_1330,0.4350030192085258
2019_1133_1332,0.15760147197135432
2019_1133_1341,0.832741328198737
2019_1133_1345,0.1015493750983264
2019_1133_1371,0.19404503967012443
2019_1133_1385,0.2643506896576532
2019_1133_1387,0.4145619608122625
2019_1133_1388,0.25019501753785345
2019_1133_1393,0.21770520955153727
2019_1133_1396,0.2579634627269227
2019_1133_1397,0.08271582216002527
2019_1133_1403,0.07671433518917581
2019_1133_1414,0.36701806778993484
2019_1133_1416,0.21029929231645872
2019_1133_1429,0.23333530027804616
2019_1133_1433,0.2990143694548125
2019_1133_1436,0.38937862744973184
2019_1133_1437,0.10484167847659254
2019_1133_1438,0.04519808227098032
2019_1133_1439,0.11094136129466226
2019_1133_1449,0.19872117007303114
2019_1133_1458,0.17107467881117977
2019_1133_1459,0.37104888249867585
2019_1133_1463,0.45823567094148954
2019_1138_1153,0.37123522768833994
2019_1138_1159,0.8786700750406511
2019_1138_1181,0.1972452734647836
2019_1138_1192,0.940042813292577
2019_1138_1196,0.5520217845747033
2019_1138_1199,0.3720607080478966
2019_1138_1205,0.9256776734854675
2019_1138_1209,0.8204483027616183
2019_1138_1211,0.2198266989136698
2019_1138_1222,0.366903718180698
2019_1138_1233,0.8898039408471866
2019_1138_1234,0.583349470172245
2019_1138_1235,0.47796424500600654
2019_1138_1242,0.37694102485013137
2019_1138_1243,0.4601108613136947
2019_1138_1246,0.29106730559923233
2019_1138_1251,0.8134023766932332
2019_1138_1257,0.49163292056222574
2019_1138_1261,0.3977041166967149
2019_1138_1266,0.5402573095770707
2019_1138_1268,0.4814249162725819
2019_1138_1276,0.353745811053638
2019_1138_1277,0.2817931317986122
2019_1138_1278,0.6203234037610619
2019_1138_1279,0.6435099942558562
2019_1138_1280,0.5200194700849673
2019_1138_1285,0.8466808582961346
2019_1138_1293,0.7124705985542383
2019_1138_1295,0.9069133295576873
2019_1138_1297,0.827922686715722
2019_1138_1300,0.973353023714251
2019_1138_1305,0.4607731095984825
2019_1138_1308,0.6176647952902038
2019_1138_1314,0.24146975056678333
2019_1138_1318,0.7429285936792869
2019_1138_1326,0.5595626586000055
2019_1138_1328,0.585514404064859
2019_1138_1330,0.7909065332924645
2019_1138_1332,0.4789330189300771
2019_1138_1341,0.9607230131678359
2019_1138_1345,0.3570340150136617
2019_1138_1371,0.5418836917382208
2019_1138_1385,0.6383913436786584
2019_1138_1387,0.776732939299122
2019_1138_1388,0.6211173218076632
2019_1138_1393,0.5775627333228719
2019_1138_1396,0.630714984564966
2019_1138_1397,0.3070088684080384
2019_1138_1403,0.2898764359181719
2019_1138_1414,0.7401666792814505
2019_1138_1416,0.566784421748407
2019_1138_1429,0.5992384005310754
2019_1138_1433,0.6769674489104914
2019_1138_1436,0.7580358262614049
2019_1138_1437,0.3652420739358412
2019_1138_1438,0.1886840873238398
2019_1138_1439,0.38005953070489706
2019_1138_1449,0.5492298724625821
2019_1138_1458,0.5034589357864498
2019_1138_1459,0.7434820778124475
2019_1138_1463,0.806030144674019
2019_1153_1159,0.9245539739272514
2019_1153_1181,0.2936746790088003
2019_1153_1192,0.9636765645236097
2019_1153_1196,0.6758666578006681
2019_1153_1199,0.500652864637427
2019_1153_1205,0.9547009725076155
2019_1153_1209,0.8854805329732551
2019_1153_1211,0.322855758681736
2019_1153_1222,0.49511887234963436
2019_1153_1233,0.9318040858083753
2019_1153_1234,0.7031903391108956
2019_1153_1235,0.6077341573260504
2019_1153_1242,0.5058611023475119
2019_1153_1243,0.5905166435485254
2019_1153_1246,0.4099412764233644
2019_1153_1251,0.8806152439203564
2019_1153_1257,0.6207014246560589
2019_1153_1261,0.5277109246474323
2019_1153_1266,0.6653830576126525
2019_1153_1268,0.6110346430635939
2019_1153_1276,0.4808552686450426
2019_1153_1277,0.3990112748529778
2019_1153_1278,0.7343720337515599
2019_1153_1279,0.7533629457298322
2019_1153_1280,0.6470549018179212
2019_1153_1285,0.9033313352059709
2019_1153_1293,0.8074323017358156
2019_1153_1295,0.9428115144353061
2019_1153_1297,0.8906087023160442
2019_1153_1300,0.9840790295287746
2019_1153_1305,0.5911610668035129
2019_1153_1308,0.7321672206216291
2019_1153_1314,0.35009069987592223
2019_1153_1318,0.8302279943113942
2019_1153_1326,0.6825217839184767
2019_1153_1328,0.7050474228178165
2019_1153_1330,0.8648763607163218
2019_1153_1332,0.6086592860312587
2019_1153_1341,0.9764096683317341
2019_1153_1345,0.4844393149770483
2019_1153_1371,0.6668397609050769
2019_1153_1385,0.7492068913313522
2019_1153_1387,0.8547963316282668
2019_1153_1388,0.735029338359299
2019_1153_1393,0.6982069496212885
2019_1153_1396,0.7429356986870004
2019_1153_1397,0.42845863798759376
2019_1153_1403,0.4085443268170924
2019_1153_1414,0.8281870956108695
2019_1153_1416,0.6888485074435169
2019_1153_1429,0.7167283768106953
2019_1153_1433,0.780034599447738
2019_1153_1436,0.8413008287523934
2019_1153_1437,0.4933290361005014
2019_1153_1438,0.28240047244994004
2019_1153_1439,0.5091745607213671
2019_1153_1449,0.6733899144144493
2019_1153_1458,0.6317737736540813
2019_1153_1459,0.8306363681567686
2019_1153_1463,0.8754920278207232
2019_1159_1181,0.032541650001797096
2019_1159_1192,0.6821661144048589
2019_1159_1196,0.14433926326277868
2019_1159_1199,0.07502559102234019
2019_1159_1205,0.6303140550148123
2019_1159_1209,0.3848144603804825
2019_1159_1211,0.03713951903034962
2019_1159_1222,0.07350376224448318
2019_1159_1233,0.5250264859497666
2019_1159_1234,0.1608372458287758
2019_1159_1235,0.11137717156405613
2019_1159_1242,0.0764842668095459
2019_1159_1243,0.10447646233208152
2019_1159_1246,0.05321375649314686
2019_1159_1251,0.37372274346408496
2019_1159_1257,0.116910095643878
2019_1159_1261,0.08289928457413542
2019_1159_1266,0.1385755391406862
2019_1159_1268,0.11275689521505183
2019_1159_1276,0.0697092180178508
2019_1159_1277,0.05097330990269178
2019_1159_1278,0.18277938487342382
2019_1159_1279,0.19814654381722985
2019_1159_1280,0.12915737774389435
2019_1159_1285,0.43051552070249677
2019_1159_1293,0.25329094456762646
2019_1159_1295,0.5714979918651454
2019_1159_1297,0.3970973110025905
2019_1159_1300,0.8333448463377948
2019_1159_1305,0.1047261293553029
2019_1159_1308,0.1811015501074541
2019_1159_1314,0.0417588199910065
2019_1159_1318,0.28347193325262543
2019_1159_1326,0.14815279638536016
2019_1159_1328,0.1620439873004761
2019_1159_1330,0.3411548821241007
2019_1159_1332,0.11176199278617704
2019_1159_1341,0.7700329069505396
2019_1159_1345,0.07064581103617207
2019_1159_1371,0.13935924786559994
2019_1159_1385,0.19463627858118038
2019_1159_1387,0.32260576440557476
2019_1159_1388,0.1832836410456986
2019_1159_1393,0.1576558412783562
2019_1159_1396,0.18949958520372923
2019_1159_1397,0.057178937216629144
2019_1159_1403,0.052923390389157166
2019_1159_1414,0.28055399182865914
2019_1159_1416,0.15189605117633176
2019_1159_1429,0.169911083287819
2019_1159_1433,0.22292867764081048
2019_1159_1436,0.3001446033133962
2019_1159_1437,0.07301762505274367
2019_1159_1438,0.03085445253305874
2019_1159_1439,0.07742593200733172
2019_1159_1449,0.1429512922791677
2019_1159_1458,0.121883416759061
2019_1159_1459,0.2840613551405594
2019_1159_1463,0.3625919431149537
2019_1181_1192,0.9848015821924956
2019_1181_1196,0.8358676384461475
2019_1181_1199,0.7100378177738784
2019_1181_1205,0.9809427945255703
2019_1181_1209,0.949709593388762
2019_1181_1211,0.537996008628997
2019_1181_1222,0.7054591436723535
2019_1181_1233,0.9709059013097676
2019_1181_1234,0.8526442675493939
2019_1181_1235,0.7909653328008159
2019_1181_1242,0.714308370099868
2019_1181_1243,0.7788638752332749
2019_1181_1246,0.6291910841088335
2019_1181_1251,0.9474109759934936
2019_1181_1257,0.7998701091096683
2019_1181_1261,0.7318273549850898
2019_1181_1266,0.8292516374764562
2019_1181_1268,0.7932486128015119
2019_1181_1276,0.6934588469070891
2019_1181_1277,0.6185432792904875
2019_1181_1278,0.8710051396303592
2019_1181_1279,0.881799829897571
2019_1181_1280,0.817436459670948
2019_1181_1285,0.95802325885349
2019_1181_1293,0.9110373849823866
2019_1181_1295,0.9757660916104018
2019_1181_1297,0.9521171229486637
2019_1181_1300,0.9934193890859316
2019_1181_1305,0.7793226569717364
2019_1181_1308,0.8697332594702067
2019_1181_1314,0.5681520979330603
2019_1181_1318,0.9227420729965896
2019_1181_1326,0.8400152440353845
2019_1181_1328,0.8537607150874942
2019_1181_1330,0.9398767778188281
2019_1181_1332,0.7916065055909716
2019_1181_1341,0.9902046276574183
2019_1181_1345,0.6965015294602833
2019_1181_1371,0.8301770363187227
2019_1181_1385,0.8794617669429132
2019_1181_1387,0.9349709964597265
2019_1181_1388,0.8713835560499457
2019_1181_1393,0.8496336100526333
2019_1181_1396,0.8759081818422381
2019_1181_1397,0.6467568118725824
2019_1181_1403,0.6278419757409455
2019_1181_1414,0.9217084467496964
2019_1181_1416,0.8439211490447908
2019_1181_1429,0.8607156855684224
2019_1181_1433,0.8964904979215008
2019_1181_1436,0.9283020599870103
2019_1181_1437,0.7039691423544376
2019_1181_1438,0.49009399412403687
2019_1181_1439,0.7170060231919146
2019_1181_1449,0.8343137697175742
2019_1181_1458,0.8073356807396082
2019_1181_1459,0.9229485641487044
2019_1181_1463,0.9449750893515347
2019_1192_1196,0.07344670275181298
2019_1192_1199,0.0367158136173561
2019_1192_1205,0.44481577868261934
2019_1192_1209,0.22716889923430605
2019_1192_1211,0.01780289299277471
2019_1192_1222,0.035940871018319887
2019_1192_1233,0.3418604333222409
2019_1192_1234,0.08262410536018239
2019_1192_1235,0.055621636810635144
2019_1192_1242,0.037459820707199665
2019_1192_1243,0.051973384775254594
2019_1192_1246,0.025731762876696984
2019_1192_1251,0.21900347547791144
2019_1192_1257,0.058567324091107764
2019_1192_1261,0.04074612655217014
2019_1192_1266,0.07028132635921924
2019_1192_1268,0.05635447137142413
2019_1192_1276,0.0340142750855299
2019_1192_1277,0.024618298325054355
2019_1192_1278,0.09510534763225564
2019_1192_1279,0.10403974060212107
2019_1192_1280,0.06515365647950566
2019_1192_1285,0.2621251297135435
2019_1192_1293,0.13748461825525116
2019_1192_1295,0.3852700436871702
2019_1192_1297,0.23635311387259528
2019_1192_1300,0.7014718815834748
2019_1192_1305,0.05210488548637093
2019_1192_1308,0.0941396122686683
2019_1192_1314,0.02006728696619764
2019_1192_1318,0.15676359817160168
2019_1192_1326,0.0755525935582888
2019_1192_1328,0.08330227651229949
2019_1192_1330,0.1957052623352793
2019_1192_1332,0.055825918441683386
2019_1192_1341,0.6114218657558583
2019_1192_1345,0.03448906103975913
2019_1192_1371,0.07071050408636814
2019_1192_1385,0.1019845863646135
2019_1192_1387,0.18286942710316356
2019_1192_1388,0.09539596142101081
2019_1192_1393,0.08084074036267652
2019_1192_1396,0.09899253160096932
2019_1192_1397,0.027709076525948673
2019_1192_1403,0.025587302293424763
2019_1192_1414,0.15486803593781884
2019_1192_1416,0.0776286808888269
2019_1192_1429,0.08774684045996373
2019_1192_1433,0.1187956910258765
2019_1192_1436,0.16772830745214806
2019_1192_1437,0.03569359531176042
2019_1192_1438,0.014740040992449077
2019_1192_1439,0.03794076046272166
2019_1192_1449,0.07268253071174968
2019_1192_1458,0.06123084738390061
2019_1192_1459,0.15714733835083905
2019_1192_1463,0.21092877297920887
2019_1196_1199,0.3288552536991821
2019_1196_1205,0.9115036277241575
2019_1196_1209,0.7907425371688931
2019_1196_1211,0.18897912271802553
2019_1196_1222,0.32398813644551616
2019_1196_1233,0.8697510423937387
2019_1196_1234,0.5365740460798716
2019_1196_1235,0.4308998260459277
2019_1196_1242,0.33346980694855677
2019_1196_1243,0.41341224044182634
2019_1196_1246,0.25347067991956984
2019_1196_1251,0.7828394497022422
2019_1196_1257,0.4443682560873228
2019_1196_1261,0.3531957646032208
2019_1196_1266,0.49284995839716583
2019_1196_1268,0.4343032285200952
2019_1196_1276,0.31161174919432344
2019_1196_1277,0.24498047518066124
2019_1196_1278,0.5746724030039072
2019_1196_1279,0.5988439819249067
2019_1196_1280,0.4725625990593205
2019_1196_1285,0.8203648768977091
2019_1196_1293,0.6720414624234268
2019_1196_1295,0.889587567939665
2019_1196_1297,0.7991507906219941
2019_1196_1300,0.9679564280902128
2019_1196_1305,0.41405882326825527
2019_1196_1308,0.5719147313593708
2019_1196_1314,0.20839633059937857
2019_1196_1318,0.7050089260415111
2019_1196_1326,0.5123491489951393
2019_1196_1328,0.5387898681842802
2019_1196_1330,0.7577563319558828
2019_1196_1332,0.43185212034907416
2019_1196_1341,0.9528923572743095
2019_1196_1345,0.31469901925905
2019_1196_1371,0.4944871260033288
2019_1196_1385,0.5934891330535246
2019_1196_1387,0.7420684538700018
2019_1196_1388,0.5754964546293819
2019_1196_1393,0.5306603416190286
2019_1196_1396,0.5854785074744382
2019_1196_1397,0.26813190750652705
2019_1196_1403,0.25237887213973487
2019_1196_1414,0.7020030243790747
2019_1196_1416,0.5196805444851111
2019_1196_1429,0.5528795399736559
2019_1196_1433,0.6341099347059553
2019_1196_1436,0.7215092390180469
2019_1196_1437,0.32242186766467107
2019_1196_1438,0.16130311417602805
2019_1196_1439,0.3364228590138033
2019_1196_1449,0.5018947092971511
2019_1196_1458,0.4560773285863551
2019_1196_1459,0.7056117014795089
2019_1196_1463,0.7745943321629137
2019_1199_1205,0.9549388487133467
2019_1199_1209,0.8860385127775156
2019_1199_1211,0.3240624507667582
2019_1199_1222,0.49649732741889563
2019_1199_1233,0.9321536544160556
2019_1199_1234,0.7043399395236183
2019_1199_1235,0.6090479248534062
2019_1199_1242,0.5072394177202274
2019_1199_1243,0.5918493484374079
2019_1199_1246,0.41127576517381403
2019_1199_1251,0.8811937485601833
2019_1199_1257,0.621998775096231
2019_1199_1261,0.5290850296983094
2019_1199_1266,0.6666096664691599
2019_1199_1268,0.6123444076425663
2019_1199_1276,0.482231942255237
2019_1199_1277,0.400334323197196
2019_1199_1278,0.7354462985036843
2019_1199_1279,0.754386093969821
2019_1199_1280,0.648313185520762
2019_1199_1285,0.9038117875137291
2019_1199_1293,0.8082882278081255
2019_1199_1295,0.9431081045250879
2019_1199_1297,0.8911447674956332
2019_1199_1300,0.9841651931813263
2019_1199_1305,0.5924931216958287
2019_1199_1308,0.7332471632447064
2019_1199_1314,0.3513463677480919
2019_1199_1318,0.8310038048134185
2019_1199_1326,0.6837154308214344
2019_1199_1328,0.7061928357051588
2019_1199_1330,0.8655194847586712
2019_1199_1332,0.6099719436246515
2019_1199_1341,0.9765363486140952
2019_1199_1345,0.4858166473243378
2019_1199_1371,0.6680636937744344
2019_1199_1385,0.750241564727427
2019_1199_1387,0.8554794150020125
2019_1199_1388,0.7361019000761517
2019_1199_1393,0.6993675997015307
2019_1199_1396,0.743987403630439
2019_1199_1397,0.42980949765778886
2019_1199_1403,0.4098774269313503
2019_1199_1414,0.8289703111925255
2019_1199_1416,0.6900291703029242
2019_1199_1429,0.717846581399656
2019_1199_1433,0.7809792701420504
2019_1199_1436,0.8420356669260647
2019_1199_1437,0.494707390757258
2019_1199_1438,0.2835192694362171
2019_1199_1439,0.5105525762084114
2019_1199_1449,0.6746015261560998
2019_1199_1458,0.6330556412316413
2019_1199_1459,0.8314106914531947
2019_1199_1463,0.8760918649853897
2019_1205_1209,0.26575527198796145
2019_1205_1211,0.0218314408356024
2019_1205_1222,0.04389038410848589
2019_1205_1233,0.39009468052465934
2019_1205_1234,0.09982993355569347
2019_1205_1235,0.06761888049983655
2019_1205_1242,0.04572936351612611
2019_1205_1243,0.06323641491039522
2019_1205_1246,0.031496968082374455
2019_1205_1251,0.2566635092247166
2019_1205_1257,0.07115206407720798
2019_1205_1261,0.04970368436942352
2019_1205_1266,0.08515545376722611
2019_1205_1268,0.06849831785956151
2019_1205_1276,0.041556026191290174
2019_1205_1277,0.030141749756645853
2019_1205_1278,0.11458565197345805
2019_1205_1279,0.12509707405799453
2019_1205_1280,0.07903483193201644
2019_1205_1285,0.3043110940353472
2019_1205_1293,0.16407150506293477
2019_1205_1295,0.43557552671272937
2019_1205_1297,0.2759424880734581
2019_1205_1300,0.7431521450063592
2019_1205_1305,0.06339450722426776
2019_1205_1308,0.11344690583140593
2019_1205_1314,0.024595404628480533
2019_1205_1318,0.18627351068146003
2019_1205_1326,0.09143260351801796
2019_1205_1328,0.10063383667766679
2019_1205_1330,0.2305415541158209
2019_1205_1332,0.06786405805367512
2019_1205_1341,0.659573260962454
2019_1205_1345,0.04213149176908271
2019_1205_1371,0.08566709203120271
2019_1205_1385,0.12268291930536257
2019_1205_1387,0.2160345984730193
2019_1205_1388,0.1149282315632334
2019_1205_1393,0.0977147535141154
2019_1205_1396,0.11916419150800484
2019_1205_1397,0.03390188334134048
2019_1205_1403,0.03132118161345865
2019_1205_1414,0.18409902351301466
2019_1205_1416,0.09390072946503303
2019_1205_1429,0.10589629703053938
2019_1205_1433,0.1423650306100236
2019_1205_1436,0.1988156133479292
2019_1205_1437,0.043590888203297595
2019_1205_1438,0.01808827176501282
2019_1205_1439,0.04631136612634801
2019_1205_1449,0.08801673185963377
2019_1205_1458,0.07434272042637746
2019_1205_1459,0.1867134928290275
2019_1205_1463,0.2476405535884304
2019_1209_1211,0.05975586171594183
2019_1209_1222,0.11560559681928806
2019_1209_1233,0.6455520448772949
2019_1209_1234,0.2400040926368755
2019_1209_1235,0.1711646088182177
2019_1209_1242,0.1200720409043794
2019_1209_1243,0.16123169837643858
2019_1209_1246,0.08475696149190415
2019_1209_1251,0.495769016734086
2019_1209_1257,0.17906910472249216
2019_1209_1261,0.12962976841546248
2019_1209_1266,0.2095206650896333
2019_1209_1268,0.17314066322541144
2019_1209_1276,0.1098953978774071
2019_1209_1277,0.08130250152840346
2019_1209_1278,0.26928079715891917
2019_1209_1279,0.28934561362754885
2019_1209_1280,0.1963799960413416
2019_1209_1285,0.5546820362510385
2019_1209_1293,0.3585226182336474
2019_1209_1295,0.6872556335373305
2019_1209_1297,0.5204336638825282
2019_1209_1300,0.8917628374974571
2019_1209_1305,0.16159251986042533
2019_1209_1308,0.26706841191926045
2019_1209_1314,0.06699239973386406
2019_1209_1318,0.3946160404046454
2019_1209_1326,0.2227333109129196
2019_1209_1328,0.24163377894601212
2019_1209_1330,0.46038389756189657
2019_1209_1332,0.17171608489434897
2019_1209_1341,0.8465574280643804
2019_1209_1345,0.11130731938337868
2019_1209_1371,0.2106075061932543
2019_1209_1385,0.2847935355411122
2019_1209_1387,0.43967830154844734
2019_1209_1388,0.269944867065369
2019_1209_1393,0.23569657409580158
2019_1209_1396,0.2780990944811911
2019_1209_1397,0.09084702937046085
2019_1209_1403,0.08430980366979968
2019_1209_1414,0.39117861780570573
2019_1209_1416,0.22785688976123697
2019_1209_1429,0.252201927277965
2019_1209_1433,0.32096826564335956
2019_1209_1436,0.4140483010410829
2019_1209_1437,0.11487553269344541
2019_1209_1438,0.049841582848364485
2019_1209_1439,0.12147976269016214
2019_1209_1449,0.21557600415267897
2019_1209_1458,0.18612932690807582
2019_1209_1459,0.3953090648930804
2019_1209_1463,0.4838113301674073
2019_1211_1222,0.6683175425702348
2019_1211_1233,0.9656051588978161
2019_1211_1234,0.8295790773086983
2019_1211_1235,0.760952427400551
2019_1211_1242,0.6777729612783474
2019_1211_1243,0.7476677566910077
2019_1211_1246,0.5880481490196259
2019_1211_1251,0.9381025204497796
2019_1211_1257,0.7707651984154213
2019_1211_1261,0.6965806829466266
2019_1211_1266,0.8033692712069338
2019_1211_1268,0.7634655014731011
2019_1211_1276,0.6555428823748358
2019_1211_1277,0.5770131576898881
2019_1211_1278,0.8503093697515249
2019_1211_1279,0.8625626690986277
2019_1211_1280,0.7902162042842136
2019_1211_1285,0.9504950648791107
2019_1211_1293,0.8959974305709268
2019_1211_1295,0.9713246893938712
2019_1211_1297,0.9435920768129625
2019_1211_1300,0.9921874417166654
2019_1211_1305,0.7481703333995637
2019_1211_1308,0.8488688377335046
2019_1211_1314,0.5253457431234401
2019_1211_1318,0.9094843031897052
2019_1211_1326,0.8154012444812182
2019_1211_1328,0.8308356080877697
2019_1211_1330,0.9293342103871738
2019_1211_1332,0.7616579187799843
2019_1211_1341,0.9883778899816593
2019_1211_1345,0.6587767273342295
2019_1211_1371,0.8044018569908863
2019_1211_1385,0.8599045398793459
2019_1211_1387,0.9236380939996023
2019_1211_1388,0.8507380946464838
2019_1211_1393,0.8261932314960472
2019_1211_1396,0.8558688794790389
2019_1211_1397,0.6063434742672704
2019_1211_1403,0.5866476908411351
2019_1211_1414,0.9082909313441841
2019_1211_1416,0.8197791546210741
2019_1211_1429,0.8386748504327035
2019_1211_1433,0.8793170332626786
2019_1211_1436,0.9159114586044651
2019_1211_1437,0.6667284143093848
2019_1211_1438,0.44708019756256256
2019_1211_1439,0.6806613714397165
2019_1211_1449,0.8090220144010679
2019_1211_1458,0.7790165328006675
2019_1211_1459,0.9097227622666172
2019_1211_1463,0.935264933232573
2019_1222_1233,0.934311068891219
2019_1222_1234,0.71149944226149
2019_1222_1235,0.6172610421354774
2019_1222_1242,0.5158912837135734
2019_1222_1243,0.600186590605305
2019_1222_1246,0.4196848916256245
2019_1222_1251,0.8847713005548281
2019_1222_1257,0.6301050589613038
2019_1222_1261,0.5377029112124847
2019_1222_1266,0.6742602791094128
2019_1222_1268,0.62053142034768
2019_1222_1276,0.4908821822552294
2019_1222_1277,0.4086750314534485
2019_1222_1278,0.7421283295143377
2019_1222_1279,0.7607453733585436
2019_1222_1280,0.6561671000610466
2019_1222_1285,0.9067803046949251
2019_1222_1293,0.8135967498008635
2019_1222_1295,0.9449377596703403
2019_1222_1297,0.894458558906713
2019_1222_1300,0.9846958704927316
2019_1222_1305,0.6008260828164791
2019_1222_1308,0.7399651001051724
2019_1222_1314,0.35927793543660524
2019_1222_1318,0.8358110989449894
2019_1222_1326,0.6911553689565479
2019_1222_1328,0.7133257319429143
2019_1222_1330,0.8694991280753003
2019_1222_1332,0.6181778186925966
2019_1222_1341,0.9773168013303785
2019_1222_1345,0.49446978076221093
2019_1222_1371,0.6756971723760776
2019_1222_1385,0.7566735397064147
2019_1222_1387,0.8597080122150825
2019_1222_1388,0.7427731636852133
2019_1222_1393,0.7065973521013073
2019_1222_1396,0.7505268837129632
2019_1222_1397,0.4383154389591295
2019_1222_1403,0.41827827577632437
2019_1222_1414,0.8338238831202023
2019_1222_1416,0.6973863249833712
2019_1222_1429,0.7248068053418468
2019_1222_1433,0.7868445643962974
2019_1222_1436,0.846587080589705
2019_1222_1437,0.5033638563725513
2019_1222_1438,0.2906056454966103
2019_1222_1439,0.5192014098604334
2019_1222_1449,0.6821561869333649
2019_1222_1458,0.6410616422560262
2019_1222_1459,0.8362086925329622
2019_1222_1463,0.8798020916696067
2019_1233_1234,0.14727608394853875
2019_1233_1235,0.1014819662054659
2019_1233_1242,0.0694468198545839
2019_1233_1243,0.0951287121923321
2019_1233_1246,0.0482057043219537
2019_1233_1251,0.34969181346128386
2019_1233_1257,0.10658228169119954
2019_1233_1261,0.07531972087962624
2019_1233_1266,0.12660820230918535
2019_1233_1268,0.10275328375446624
2019_1233_1276,0.06325245864392759
2019_1233_1277,0.046165829299418926
2019_1233_1278,0.167737954778566
2019_1233_1279,0.18212233187380866
2019_1233_1280,0.11789207751355557
2019_1233_1285,0.4051954493989006
2019_1233_1293,0.2341091890487046
2019_1233_1295,0.5458335648627639
2019_1233_1297,0.37245723152115395
2019_1233_1300,0.8183793243331785
2019_1233_1305,0.09535841958814517
2019_1233_1308,0.16617011843797302
2019_1233_1314,0.037785790277826914
2019_1233_1318,0.262809002636361
2019_1233_1326,0.1354884588347849
2019_1233_1328,0.1483990709863232
2019_1233_1330,0.3181542617542933
2019_1233_1332,0.10183651641342373
2019_1233_1341,0.7510802326109041
2019_1233_1345,0.06410827870267455
2019_1233_1371,0.12733423467173732
2019_1233_1385,0.17883263218177448
2019_1233_1387,0.3002857393754095
2019_1233_1388,0.16820925558586397
2019_1233_1393,0.14431679113561946
2019_1233_1396,0.1740228945443748
2019_1233_1397,0.05181813788044842
2019_1233_1403,0.04794128142690668
2019_1233_1414,0.2600265699877703
2019_1233_1416,0.13896393325757028
2019_1233_1429,0.15572682840706986
2019_1233_1433,0.20541373074936453
2019_1233_1436,0.2787391348770266
2019_1233_1437,0.06627625863038844
2019_1233_1438,0.02788869482666856
2019_1233_1439,0.07030843717715451
2019_1233_1449,0.13066338612696138
2019_1233_1458,0.11117156911356596
2019_1233_1459,0.2633712524108287
2019_1233_1463,0.33888944789403874
2019_1234_1235,0.39223671874788024
2019_1234_1242,0.29895642569668135
2019_1234_1243,0.37528351618989075
2019_1234_1246,0.22444889434943494
2019_1234_1251,0.7544617020945398
2019_1234_1257,0.4053574439627282
2019_1234_1261,0.3176136463994226
2019_1234_1266,0.4530533888250342
2019_1234_1268,0.39554699379509706
2019_1234_1276,0.2784156617070671
2019_1234_1277,0.2166486842897607
2019_1234_1278,0.5352418037652917
2019_1234_1279,0.5599382796003569
2019_1234_1280,0.43300552589438046
2019_1234_1285,0.7956105247557613
2019_1234_1293,0.6359187494508418
2019_1234_1295,0.8728943732161301
2019_1234_1297,0.7722845283458306
2019_1234_1300,0.9626138262971917
2019_1234_1305,0.3759086808876717
2019_1234_1308,0.5324364827107364
2019_1234_1314,0.18326847875305374
2019_1234_1318,0.6707383201212738
2019_1234_1326,0.47244483229557455
2019_1234_1328,0.49893319650671897
2019_1234_1330,0.7272428557629713
2019_1234_1332,0.3931625973883923
2019_1234_1341,0.9451803779095559
2019_1234_1345,0.28130844332442906
2019_1234_1371,0.45467687836073434
2019_1234_1385,0.5544504894144686
2019_1234_1387,0.7103342920627482
2019_1234_1388,0.5360805784927263
2019_1234_1393,0.4907651328438687
2019_1234_1396,0.5462587209131953
2019_1234_1397,0.237966547519171
2019_1234_1403,0.22344467922303124
2019_1234_1414,0.6675478805633889
2019_1234_1416,0.47976699633109676
2019_1234_1429,0.5131402236037613
2019_1234_1433,0.5963188837831777
2019_1234_1436,0.6883080651162345
2019_1234_1437,0.28855690216132324
2019_1234_1438,0.1408433276908484
2019_1234_1439,0.3017422059367486
2019_1234_1449,0.4620331671522412
2019_1234_1458,0.41680969230649667
2019_1234_1459,0.6713784815526742
2019_1234_1463,0.7454894320762304
2019_1235_1242,0.3976465235293649
2019_1235_1243,0.4818517545642339
2019_1235_1246,0.30939813184942777
2019_1235_1251,0.8262877429247119
2019_1235_1257,0.5134467638212199
2019_1235_1261,0.418783546217944
2019_1235_1266,0.5618441998069297
2019_1235_1268,0.5032341863665453
2019_1235_1276,0.37394187911455
2019_1235_1277,0.29978687496514567
2019_1235_1278,0.6406514185471974
2019_1235_1279,0.6632704687377793
2019_1235_1280,0.5417506032345145
2019_1235_1285,0.8576703120333523
2019_1235_1293,0.7300123029407106
2019_1235_1295,0.9140238992340006
2019_1235_1297,0.8400025937503608
2019_1235_1300,0.9755254542049605
2019_1235_1305,0.4825173281403936
2019_1235_1308,0.6380520983345275
2019_1235_1314,0.25781294602051674
2019_1235_1318,0.7592400305531696
2019_1235_1326,0.5809461879517082
2019_1235_1328,0.6065239539737599
2019_1235_1330,0.8049728715204338
2019_1235_1332,0.5007384062239744
2019_1235_1341,0.9638869193572618
2019_1235_1345,0.37730820914010055
2019_1235_1371,0.563455922055939
2019_1235_1385,0.658284882615767
2019_1235_1387,0.7915014159052631
2019_1235_1388,0.6414274005493026
2019_1235_1393,0.5986990920794584
2019_1235_1396,0.6507998286055361
2019_1235_1397,0.3258821582297211
2019_1235_1403,0.3081648646242199
2019_1235_1414,0.75659594684392
2019_1235_1416,0.5880754411988502
2019_1235_1429,0.6200037757950033
2019_1235_1433,0.6957501898715598
2019_1235_1436,0.7736807042739409
2019_1235_1437,0.3857027617689146
2019_1235_1438,0.20240796847397746
2019_1235_1439,0.4008261289245405
2019_1235_1449,0.5707302130522006
2019_1235_1458,0.5252553474411369
2019_1235_1459,0.7597697515366464
2019_1235_1463,0.8193115076188799
2019_1242_1243,0.5883447265045236
2019_1242_1246,0.4077721348688832
2019_1242_1251,0.8796684771216927
2019_1242_1257,0.6185861997461138
2019_1242_1261,0.5254735748202266
2019_1242_1266,0.6633818753629818
2019_1242_1268,0.6088994771003418
2019_1242_1276,0.47861525788660353
2019_1242_1277,0.39686106950943467
2019_1242_1278,0.7326176431814586
2019_1242_1279,0.7516915737365615
2019_1242_1280,0.6450025882048056
2019_1242_1285,0.9025447793072567
2019_1242_1293,0.8060329999900211
2019_1242_1295,0.9423256839775255
2019_1242_1297,0.8897312637088218
2019_1242_1300,0.9839378042964547
2019_1242_1305,0.5889901887869662
2019_1242_1308,0.7304036138596384
2019_1242_1314,0.34805144594602344
2019_1242_1318,0.8289592492203165
2019_1242_1326,0.6805738943515098
2019_1242_1328,0.7031776348605909
2019_1242_1330,0.8638240796564269
2019_1242_1332,0.6065194775767841
2019_1242_1341,0.9762020580395447
2019_1242_1345,0.48219811600219076
2019_1242_1371,0.6648429022930595
2019_1242_1385,0.7475167941913765
2019_1242_1387,0.8536788324430549
2019_1242_1388,0.7332777123346657
2019_1242_1393,0.6963124761623773
2019_1242_1396,0.7412179374247297
2019_1242_1397,0.42626229733282905
2019_1242_1403,0.40637748626222403
2019_1242_1414,0.8269062783179033
2019_1242_1416,0.686921629551206
2019_1242_1429,0.7149026948718729
2019_1242_1433,0.7784908280582568
2019_1242_1436,0.8400988959532827
2019_1242_1437,0.4910858847268271
2019_1242_1438,0.2805852822220466
2019_1242_1439,0.5069314463885528
2019_1242_1449,0.6714129701211462
2019_1242_1458,0.6296834568364702
2019_1242_1459,0.8293700477109056
2019_1242_1463,0.8745104216875461
2019_1243_1246,0.32965701769934264
2019_1243_1251,0.8392611202863439
2019_1243_1257,0.5366834421080202
2019_1243_1261,0.4416246279631676
2019_1243_1266,0.5846393299612838
2019_1243_1268,0.5265088189625817
2019_1243_1276,0.396003593800733
2019_1243_1277,0.31970777363719893
2019_1243_1278,0.661814439219641
2019_1243_1279,0.6837589473785537
2019_1243_1280,0.5647813340893375
2019_1243_1285,0.8686724485059533
2019_1243_1293,0.7479828415142361
2019_1243_1295,0.9210707687141468
2019_1243_1297,0.8521349967392418
2019_1243_1300,0.9776546991066065
2019_1243_1305,0.5058094039207274
2019_1243_1308,0.6592867880331742
2019_1243_1314,0.2760442423906505
2019_1243_1318,0.7758624601377846
2019_1243_1326,0.603448949299962
2019_1243_1328,0.6285314585661413
2019_1243_1330,0.8191897755822679
2019_1243_1332,0.5240193715435424
2019_1243_1341,0.9669944398247846
2019_1243_1345,0.39944181380467825
2019_1243_1371,0.586228953642095
2019_1243_1385,0.6789298685208486
2019_1243_1387,0.8064642448329743
2019_1243_1388,0.6625687915602854
2019_1243_1393,0.6208706788588847
2019_1243_1396,0.6716714813371383
2019_1243_1397,0.3466785645722761
2019_1243_1403,0.3283813959015046
2019_1243_1414,0.7733464314011128
2019_1243_1416,0.6104520743624682
2019_1243_1429,0.6417027221474276
2019_1243_1433,0.7151112626309468
2019_1243_1436,0.7895824405915203
2019_1243_1437,0.4080061451780378
2019_1243_1438,0.21787142445736574
2019_1243_1439,0.4234012718035184
2019_1243_1449,0.5933976072234308
2019_1243_1458,0.5484240690671678
2019_1243_1459,0.7763663808621202
2019_1243_1463,0.8327004031320938
2019_1246_1251,0.9119529053683003
2019_1246_1257,0.6967720977828495
2019_1246_1261,0.6107354332774924
2019_1246_1266,0.7362996424180892
2019_1246_1268,0.6880697489644709
2019_1246_1276,0.5653320491755655
2019_1246_1277,0.4824723675683892
2019_1246_1278,0.7951684885382879
2019_1246_1279,0.810931852279992
2019_1246_1280,0.7202225632130232
2019_1246_1285,0.9291856793029616
2019_1246_1293,0.8548128149220755
2019_1246_1295,0.9585907931046123
2019_1246_1297,0.9195627607440731
2019_1246_1300,0.9886094613184466
2019_1246_1305,0.6700065031749987
2019_1246_1308,0.793326290462153
2019_1246_1314,0.43065155515230746
2019_1246_1318,0.8728827322729024
2019_1246_1326,0.7511644692999554
2019_1246_1328,0.770457749754208
2019_1246_1330,0.8998756420456724
2019_1246_1332,0.6859230230633695
2019_1246_1341,0.983084962308526
2019_1246_1345,0.5688558032885921
2019_1246_1371,0.737569383841418
2019_1246_1385,0.8074980051046208
2019_1246_1387,0.8920807213650528
2019_1246_1388,0.7957171996066615
2019_1246_1393,0.7646278307759046
2019_1246_1396,0.8022997783170402
2019_1246_1397,0.5128233325951994
2019_1246_1403,0.492365820498606
2019_1246_1414,0.8712750998278788
2019_1246_1416,0.7566110794666886
2019_1246_1429,0.780355272824973
2019_1246_1433,0.8327599532538301
2019_1246_1436,0.8815703950944416
2019_1246_1437,0.5775592394451861
2019_1246_1438,0.3559151198864091
2019_1246_1439,0.592944096807167
2019_1246_1449,0.7432643283389697
2019_1246_1458,0.7066732277459032
2019_1246_1459,0.8732041732578661
2019_1246_1463,0.908034054210595
2019_1251_1257,0.17987619094767893
2019_1251_1261,0.13024937973759887
2019_1251_1266,0.21042981909214176
2019_1251_1268,0.17392669032600028
2019_1251_1276,0.11043265006547576
2019_1251_1277,0.08171280225930777
2019_1251_1278,0.2703605728120073
2019_1251_1279,0.2904738631384868
2019_1251_1280,0.19724635801945267
2019_1251_1285,0.5560353930318798
2019_1251_1293,0.3597840475019123
2019_1251_1295,0.6884324004520721
2019_1251_1297,0.5218013724232451
2019_1251_1300,0.892290701951889
2019_1251_1305,0.1623364133247065
2019_1251_1308,0.26814257163741684
2019_1251_1314,0.06733577634130727
2019_1251_1318,0.39592608075593894
2019_1251_1326,0.22368357387233684
2019_1251_1328,0.24263950603067097
2019_1251_1330,0.4617457418456411
2019_1251_1332,0.1724969938634241
2019_1251_1341,0.8472679971751607
2019_1251_1345,0.11185060674207337
2019_1251_1371,0.21152011428934647
2019_1251_1385,0.2859111762594697
2019_1251_1387,0.4410289558225816
2019_1251_1388,0.27102631788969445
2019_1251_1393,0.23668530190131587
2019_1251_1396,0.27920071945285063
2019_1251_1397,0.09130071055890465
2019_1251_1403,0.08473388125344938
2019_1251_1414,0.392484644999355
2019_1251_1416,0.22882257662684824
2019_1251_1429,0.25323695283339376
2019_1251_1433,0.32216392269172645
2019_1251_1436,0.4153785887443593
2019_1251_1437,0.115433974143473
2019_1251_1438,0.05010177174315733
2019_1251_1439,0.12206588157487142
2019_1251_1449,0.21650423697854304
2019_1251_1458,0.18696098735004274
2019_1251_1459,0.396619898628205
2019_1251_1463,0.48518016534691943
2019_1257_1261,0.4002724190683987
2019_1257_1266,0.5429163709581819
2019_1257_1268,0.4840993184024295
2019_1257_1276,0.35619812229557557
2019_1257_1277,0.2839658139946315
2019_1257_1278,0.6228426624908286
2019_1257_1279,0.6459632099533923
2019_1257_1280,0.5226921700465208
2019_1257_1285,0.8480660396728755
2019_1257_1293,0.7146596810768694
2019_1257_1295,0.9078135829472253
2019_1257_1297,0.8294432022482829
2019_1257_1300,0.9736294136425137
2019_1257_1305,0.46343531314195974
2019_1257_1308,0.6201908937043338
2019_1257_1314,0.243436911661421
2019_1257_1318,0.7449687922805888
2019_1257_1326,0.562200544377893
2019_1257_1328,0.5881112700434801
2019_1257_1330,0.7926722242617452
2019_1257_1332,0.4816064342119991
2019_1257_1341,0.9611251730151653
2019_1257_1345,0.35949644099786815
2019_1257_1371,0.5445412766511513
2019_1257_1385,0.6408601252148277
2019_1257_1387,0.7785848121925636
2019_1257_1388,0.6236345088159898
2019_1257_1393,0.5801736971299006
2019_1257_1396,0.6332060626555505
2019_1257_1397,0.30929224370408137
2019_1257_1403,0.2920860956419884
2019_1257_1414,0.7422211917721149
2019_1257_1416,0.5694123380603278
2019_1257_1429,0.6018077576702165
2019_1257_1433,0.6793051651626099
2019_1257_1436,0.7599948618041537
2019_1257_1437,0.3677287332598298
2019_1257_1438,0.19032912495497367
2019_1257_1439,0.38258626722242717
2019_1257_1449,0.5518800833945954
2019_1257_1458,0.5061362739366129
2019_1257_1459,0.7455193884276832
2019_1257_1463,0.80769917594542
2019_1261_1266,0.6404635862046344
2019_1261_1268,0.584594598803295
2019_1261_1276,0.45348091213973796
2019_1261_1277,0.3729490051880243
2019_1261_1278,0.7123693587190677
2019_1261_1279,0.732360038217009
2019_1261_1280,0.6215468392555414
2019_1261_1285,0.8932903844807731
2019_1261_1293,0.789748776055651
2019_1261_1295,0.9365834722997795
2019_1261_1297,0.8794226491957514
2019_1261_1300,0.9822606157039653
2019_1261_1305,0.564333308371238
2019_1261_1308,0.7100540215224025
2019_1261_1314,0.3254931915109561
2019_1261_1318,0.8141559857095257
2019_1261_1326,0.6582230592205329
2019_1261_1328,0.6816686363506723
2019_1261_1330,0.851497741574825
2019_1261_1332,0.5821681880025806
2019_1261_1341,0.9737386742680333
2019_1261_1345,0.4570405502835122
2019_1261_1371,0.6419703999543346
2019_1261_1385,0.7279778576929778
2019_1261_1387,0.8406036225030735
2019_1261_1388,0.7130598358990885
2019_1261_1393,0.6745362557469583
2019_1261_1396,0.721373241251666
2019_1261_1397,0.40175874845915804
2019_1261_1403,0.38225543226895675
2019_1261_1414,0.8119656376187612
2019_1261_1416,0.6647961932122891
2019_1261_1429,0.693873451884
2019_1261_1433,0.7605811601558838
2019_1261_1436,0.8260574456223374
2019_1261_1437,0.46588182388396704
2019_1261_1438,0.2606514960211591
2019_1261_1439,0.48168387167311777
2019_1261_1449,0.6487519554310923
2019_1261_1458,0.6058340782213951
2019_1261_1459,0.8145943860558263
2019_1261_1463,0.8629979734257447
2019_1266_1268,0.44491390473143955
2019_1266_1276,0.3209254214813094
2019_1266_1277,0.25303465977668527
2019_1266_1278,0.585165056461151
2019_1266_1279,0.6091458982740763
2019_1266_1280,0.4833094086815297
2019_1266_1285,0.8266250043757942
2019_1266_1293,0.681463502019236
2019_1266_1295,0.8937477883412346
2019_1266_1297,0.8059753603393469
2019_1266_1300,0.9692658126005216
2019_1266_1305,0.4245460883547304
2019_1266_1308,0.582425982365128
2019_1266_1314,0.2155911879426391
2019_1266_1318,0.7138870615409451
2019_1266_1326,0.5231033935188334
2019_1266_1328,0.549473752429712
2019_1266_1330,0.7655748323970487
2019_1266_1332,0.4424497497240599
2019_1266_1341,0.9547885477328872
2019_1266_1345,0.32406152746100647
2019_1266_1371,0.505254905214828
2019_1266_1385,0.6038375922024812
2019_1266_1387,0.75022638773243
2019_1266_1388,0.5859834248946038
2019_1266_1393,0.5413722443929643
2019_1266_1396,0.5958920385987663
2019_1266_1397,0.2766683248027457
2019_1266_1403,0.2605923406406758
2019_1266_1414,0.7109345335830011
2019_1266_1416,0.5304212920700172
2019_1266_1429,0.563501458627132
2019_1266_1433,0.644044523420761
2019_1266_1436,0.7300809035128848
2019_1266_1437,0.33190285918666595
2019_1266_1438,0.16721553074217488
2019_1266_1439,0.3461052585132509
2019_1266_1449,0.5126602078539066
2019_1266_1458,0.46678102385982045
2019_1266_1459,0.7144790427074972
2019_1266_1463,0.7820257083353097
2019_1268_1276,0.369706457489549
2019_1268_1277,0.295994262225008
2019_1268_1278,0.636466218202947
2019_1268_1279,0.659208570759733
2019_1268_1280,0.5372455524514886
2019_1268_1285,0.8554423325087084
2019_1268_1293,0.7264234242851502
2019_1268_1295,0.9125881535092206
2019_1268_1297,0.8375504333768133
2019_1268_1300,0.9750887536454675
2019_1268_1305,0.4779910572386197
2019_1268_1308,0.6338539265226929
2019_1268_1314,0.25435845150807534
2019_1268_1318,0.7559097624801487
2019_1268_1326,0.5765252634461492
2019_1268_1328,0.6021880922640039
2019_1268_1330,0.8021103148862165
2019_1268_1332,0.4962051073861409
2019_1268_1341,0.9632503749825697
2019_1268_1345,0.3730573791565661
2019_1268_1371,0.5589905512560007
2019_1268_1385,0.6541941994699618
2019_1268_1387,0.7884930825588952
2019_1268_1388,0.637246120465083
2019_1268_1393,0.5943346757524804
2019_1268_1396,0.6466676362055042
2019_1268_1397,0.32191118600020074
2019_1268_1403,0.30431232498069427
2019_1268_1414,0.7532409917431973
2019_1268_1416,0.5836758294367956
2019_1268_1429,0.615722342771369
2019_1268_1433,0.6918980911525974
2019_1268_1436,0.7704898024795914
2019_1268_1437,0.3814152865995142
2019_1268_1438,0.19949630867154933
2019_1268_1439,0.3964790446016573
2019_1268_1449,0.5662819749993399
2019_1268_1458,0.5207315935523237
2019_1268_1459,0.7564444602278134
2019_1268_1463,0.8166114630914592
2019_1276_1277,0.42037681539428473
2019_1276_1278,0.7512478919692706
2019_1276_1279,0.7694111183439631
2019_1276_1280,0.6669624295614536
2019_1276_1285,0.9107770535694859
2019_1276_1293,0.8207991538721373
2019_1276_1295,0.9473934372864815
2019_1276_1297,0.8989247102993497
2019_1276_1300,0.9854057928363629
2019_1276_1305,0.6123324042073339
2019_1276_1308,0.7491353042923632
2019_1276_1314,0.37045140441514823
2019_1276_1318,0.8423215157298201
2019_1276_1326,0.7013521546892312
2019_1276_1328,0.7230838137390321
2019_1276_1330,0.8748737248707247
2019_1276_1332,0.6294924068929602
2019_1276_1341,0.9783614993042137
2019_1276_1345,0.5065238625419748
2019_1276_1371,0.6861725864950974
2019_1276_1385,0.765441293131873
2019_1276_1387,0.8654234384476611
2019_1276_1388,0.7518775461490868
2019_1276_1393,0.7164934355003223
2019_1276_1396,0.7594457075474443
2019_1276_1397,0.4502197462070845
2019_1276_1403,0.43005505243464914
2019_1276_1414,0.8403980503090814
2019_1276_1416,0.7074644625201245
2019_1276_1429,0.7343196397203031
2019_1276_1433,0.7948199608185225
2019_1276_1436,0.852745488718711
2019_1276_1437,0.5154136992055711
2019_1276_1438,0.3006455506690844
2019_1276_1439,0.5312248478608457
2019_1276_1449,0.6925179074053943
2019_1276_1458,0.6520797673437707
2019_1276_1459,0.842706310872111
2019_1276_1463,0.8848085814987011
2019_1277_1278,0.8080187345729789
2019_1277_1279,0.823013285514195
2019_1277_1280,0.7362148475071771
2019_1277_1285,0.9343226990629391
2019_1277_1293,0.8645585803317759
2019_1277_1295,0.9616826682244356
2019_1277_1297,0.9253417589653088
2019_1277_1300,0.9894845388208288
2019_1277_1305,0.687624226841044
2019_1277_1308,0.8062639500320931
2019_1277_1314,0.4505689552048361
2019_1277_1318,0.8815835742693416
2019_1277_1326,0.7659628203261114
2019_1277_1328,0.7844379854490128
2019_1277_1330,0.9069258964736228
2019_1277_1332,0.7030675861029003
2019_1277_1341,0.984377752363218
2019_1277_1345,0.588557549595671
2019_1277_1371,0.7529102886397209
2019_1277_1385,0.8197500886512749
2019_1277_1387,0.8996186273383153
2019_1277_1388,0.8085413103432755
2019_1277_1393,0.7788612235925146
2019_1277_1396,0.8148068333746807
2019_1277_1397,0.5329834688064106
2019_1277_1403,0.5125678722754815
2019_1277_1414,0.8800708614033201
2019_1277_1416,0.7711841867842981
2019_1277_1429,0.7938939590194006
2019_1277_1433,0.8437153848484663
2019_1277_1436,0.8897516956500783
2019_1277_1437,0.5971449262431542
2019_1277_1438,0.3746505070320061
2019_1277_1439,0.6122953116310246
2019_1277_1449,0.7583813807894904
2019_1277_1458,0.7231422836023697
2019_1277_1459,0.8818859906349747
2019_1277_1463,0.9145643757421889
2019_1278_1279,0.5263071960367909
2019_1278_1280,0.40006732538945133
2019_1278_1285,0.77267835053813
2019_1278_1293,0.6039876178690338
2019_1278_1295,0.8570756333360304
2019_1278_1297,0.7475655907043128
2019_1278_1300,0.9574162630885044
2019_1278_1305,0.34467350194962887
2019_1278_1308,0.49858572335401274
2019_1278_1314,0.1638380634578226
2019_1278_1318,0.6401328359348564
2019_1278_1326,0.4388284756514894
2019_1278_1328,0.46509368874793955
2019_1278_1330,0.6995368026630832
2019_1278_1332,0.36132378555616074
2019_1278_1341,0.9377159709350787
2019_1278_1345,0.2547255077284539
2019_1278_1371,0.42131512108994484
2019_1278_1385,0.5207589632276994
2019_1278_1387,0.6816625247856416
2019_1278_1388,0.50224700504626
2019_1278_1393,0.4569743744703899
2019_1278_1396,0.5124924046293957
2019_1278_1397,0.21425829023486265
2019_1278_1403,0.20080197284154522
2019_1278_1414,0.6368064199042736
2019_1278_1416,0.446070166947523
2019_1278_1429,0.4792587780531846
2019_1278_1433,0.5632997301454454
2019_1278_1436,0.6585042338265462
2019_1278_1437,0.2615382689798079
2019_1278_1438,0.12522126380020315
2019_1278_1439,0.2739644031964672
2019_1278_1449,0.42855583269876585
2019_1278_1458,0.3842685289349741
2019_1278_1459,0.6408006353788709
2019_1278_1463,0.7189204676096761
2019_1279_1280,0.36840109683469635
2019_1279_1285,0.7483062433808714
2019_1279_1293,0.5715579891579656
2019_1279_1295,0.8398769635778597
2019_1279_1297,0.7214715883070437
2019_1279_1300,0.9516102794676271
2019_1279_1305,0.3150890236635925
2019_1279_1308,0.4651678148939552
2019_1279_1314,0.14630987821778862
2019_1279_1318,0.6087457445896927
2019_1279_1326,0.4061713593140104
2019_1279_1328,0.43198660594270677
2019_1279_1330,0.6706652589138604
2019_1279_1332,0.33103207934770496
2019_1279_1341,0.9294219990643608
2019_1279_1345,0.23015012019898096
2019_1279_1371,0.3890577399593893
2019_1279_1385,0.48729921834297607
2019_1279_1387,0.6519280451021381
2019_1279_1388,0.4688131411529385
2019_1279_1393,0.4239871390932146
2019_1279_1396,0.47903289043288155
2019_1279_1397,0.19257825578301468
2019_1279_1403,0.18017131983140922
2019_1279_1414,0.6053080882243284
2019_1279_1416,0.41327101505142905
2019_1279_1429,0.4459840726949794
2019_1279_1433,0.5301302289223033
2019_1279_1436,0.627787778815377
2019_1279_1437,0.23651418971760496
2019_1279_1438,0.11127469019571745
2019_1279_1439,0.24815091437261805
2019_1279_1449,0.39612355956958634
2019_1279_1458,0.3531167678188266
2019_1279_1459,0.6094362518613679
2019_1279_1463,0.6910889996205485
2019_1280_1285,0.8352570877669782
2019_1280_1293,0.6946532428808339
2019_1280_1295,0.8994444617927229
2019_1280_1297,0.8154059699422798
2019_1280_1300,0.9710447881993624
2019_1280_1305,0.4396261478972988
2019_1280_1308,0.5972932117298266
2019_1280_1314,0.22616615627671288
2019_1280_1318,0.7262735069936053
2019_1280_1326,0.5384088184291375
2019_1280_1328,0.564637222455325
2019_1280_1330,0.7764243993556588
2019_1280_1332,0.4576599857147383
2019_1280_1341,0.9573686484131491
2019_1280_1345,0.33766671110395974
2019_1280_1371,0.5206081966243672
2019_1280_1385,0.6184419063830902
2019_1280_1387,0.7615650694699253
2019_1280_1388,0.600810806271368
2019_1280_1393,0.5565883473592834
2019_1280_1396,0.610600371999996
2019_1280_1397,0.2891348950013637
2019_1280_1403,0.2726075348518191
2019_1280_1414,0.7233992750423089
2019_1280_1416,0.5456958280029762
2019_1280_1429,0.5785549203530698
2019_1280_1433,0.6580061042909633
2019_1280_1436,0.7420196299406117
2019_1280_1437,0.3456688954591326
2019_1280_1438,0.17594988069575257
2019_1280_1439,0.3601428176007099
2019_1280_1449,0.5279983745639121
2019_1280_1458,0.4821044446057122
2019_1280_1459,0.7268496659620227
2019_1280_1463,0.7923204423607286
2019_1285_1293,0.3099327725134451
2019_1285_1295,0.6384559396321072
2019_1285_1297,0.4658355107486807
2019_1285_1300,0.8687810704040578
2019_1285_1305,0.13411228829646027
2019_1285_1308,0.2264968064763624
2019_1285_1314,0.054552975112515556
2019_1285_1318,0.34375588096416154
2019_1285_1326,0.18717682704204786
2019_1285_1328,0.20385139630748728
2019_1285_1330,0.40674238640474447
2019_1285_1332,0.14280749546313543
2019_1285_1341,0.8159582012947704
2019_1285_1345,0.09144581618032388
2019_1285_1371,0.1765470718229668
2019_1285_1385,0.24241984659768
2019_1285_1387,0.3867203542969978
2019_1285_1388,0.22907285975896818
2019_1285_1393,0.1985994301513443
2019_1285_1396,0.23639223700341472
2019_1285_1397,0.07433106341190754
2019_1285_1403,0.06889224607174371
2019_1285_1414,0.340512297069698
2019_1285_1416,0.19168420108087192
2019_1285_1429,0.21323171190003032
2019_1285_1433,0.27528390398325453
2019_1285_1436,0.36218199217425373
2019_1285_1437,0.0944449884914833
2019_1285_1438,0.04044872890143958
2019_1285_1439,0.10000736973765212
2019_1285_1449,0.18089617660977753
2019_1285_1458,0.15524905974912628
2019_1285_1459,0.34441040044950444
2019_1285_1463,0.42961337157889123
2019_1293_1295,0.7960267025150963
2019_1293_1297,0.6583845865799958
2019_1293_1300,0.9360279401808322
2019_1293_1305,0.2550033715774007
2019_1293_1308,0.39287956584633066
2019_1293_1314,0.11309489792920946
2019_1293_1318,0.5365282528658788
2019_1293_1326,0.3372697638366492
2019_1293_1328,0.36137073964577493
2019_1293_1330,0.6024122120319395
2019_1293_1332,0.2691006887623708
2019_1293_1341,0.9073899917092657
2019_1293_1345,0.18195871083669946
2019_1293_1371,0.32148756076929463
2019_1293_1385,0.41423546363935726
2019_1293_1387,0.5822108283596716
2019_1293_1388,0.3963782420450882
2019_1293_1393,0.35386427716067337
2019_1293_1396,0.40622653037943424
2019_1293_1397,0.15071389498479182
2019_1293_1403,0.14053464327273013
2019_1293_1414,0.5329429085983208
2019_1293_1416,0.3438624552537952
2019_1293_1429,0.37458903312265435
2019_1293_1433,0.45636077850310774
2019_1293_1436,0.5565245223465038
2019_1293_1437,0.1873144342011116
2019_1293_1438,0.08521936158621313
2019_1293_1439,0.1971555767090838
2019_1293_1449,0.3279850194692375
2019_1293_1458,0.28883758716400343
2019_1293_1459,0.5372493272095855
2019_1293_1463,0.6247000711325712
2019_1295_1297,0.3329279582788721
2019_1295_1300,0.7911916405497189
2019_1295_1305,0.08142221012404416
2019_1295_1308,0.14352699744069808
2019_1295_1314,0.031966249858435325
2019_1295_1318,0.23063985119946073
2019_1295_1326,0.11644232254481335
2019_1295_1328,0.12780634769532406
2019_1295_1330,0.28180022077581734
2019_1295_1332,0.08704465773067538
2019_1295_1341,0.7172983052136657
2019_1295_1345,0.054464176953022636
2019_1295_1371,0.10928946040076992
2019_1295_1385,0.15478435459060125
2019_1295_1387,0.2651793860800443
2019_1295_1388,0.14533670365043605
2019_1295_1393,0.12420792633649047
2019_1295_1396,0.15050285811173125
2019_1295_1397,0.04393610211231225
2019_1295_1403,0.04062368743458589
2019_1295_1414,0.228092623098751
2019_1295_1416,0.11949676723009484
2019_1295_1429,0.13427759495909053
2019_1295_1433,0.1785682851534094
2019_1295_1436,0.24526881016059265
2019_1295_1437,0.05632564607546198
2019_1295_1438,0.023556129160738903
2019_1295_1439,0.05979120567401042
2019_1295_1449,0.11220749311556877
2019_1295_1458,0.09516745541014804
2019_1295_1459,0.23115485876813335
2019_1295_1463,0.3012127623075468
2019_1297_1300,0.8841308977019432
2019_1297_1305,0.15146486231075673
2019_1297_1308,0.252319620575467
2019_1297_1314,0.06235277418293239
2019_1297_1318,0.3764412230743398
2019_1297_1326,0.20973229375214952
2019_1297_1328,0.22785294211902585
2019_1297_1330,0.44138852112297333
2019_1297_1332,0.16107584050676582
2019_1297_1341,0.8363230395450107
2019_1297_1345,0.10394052610456561
2019_1297_1371,0.1981338534965612
2019_1297_1385,0.26942570950661526
2019_1297_1387,0.4208709202455285
2019_1297_1388,0.2550925115019864
2019_1297_1393,0.22215515525297158
2019_1297_1396,0.26295969189096646
2019_1297_1397,0.08470531528898118
2019_1297_1403,0.0785718441475729
2019_1297_1414,0.3730645555870348
2019_1297_1416,0.21463939332533577
2019_1297_1429,0.238007528402172
2019_1297_1433,0.3044794296606851
2019_1297_1436,0.3955632878413732
2019_1297_1437,0.10730109383229502
2019_1297_1438,0.046330771290980066
2019_1297_1439,0.11352571851420157
2019_1297_1449,0.20288371305427022
2019_1297_1458,0.17478444085601474
2019_1297_1459,0.37712221256184153
2019_1297_1463,0.46468172400827346
2019_1300_1305,0.02258794712306289
2019_1300_1308,0.041862012849464225
2019_1300_1314,0.008535919320733498
2019_1300_1318,0.0724926766527707
2019_1300_1326,0.03321823333713525
2019_1300_1328,0.0367983908657743
2019_1300_1330,0.09280450771590043
2019_1300_1332,0.024254987422297036
2019_1300_1341,0.39814175862794166
2019_1300_1345,0.01479556122831982
2019_1300_1371,0.030998333087210672
2019_1300_1385,0.0455696707517762
2019_1300_1387,0.08599607259492248
2019_1300_1388,0.0424533830772299
2019_1300_1393,0.03565756676722376
2019_1300_1396,0.044151359245498956
2019_1300_1397,0.011839523160876775
2019_1300_1403,0.010919285231453357
2019_1300_1414,0.07152966739222666
2019_1300_1416,0.03417403077186487
2019_1300_1429,0.038866956233996164
2019_1300_1433,0.05363679669942889
2019_1300_1436,0.07810910773889701
2019_1300_1437,0.015323213585113793
2019_1300_1438,0.00625037032049669
2019_1300_1439,0.01630960927297509
2019_1300_1449,0.03190085670595255
2019_1300_1458,0.0266896998612266
2019_1300_1459,0.0726879128969612
2019_1300_1463,0.10102903302953159
2019_1305_1308,0.6512158843706588
2019_1305_1314,0.2689613585466747
2019_1305_1318,0.7695879322591459
2019_1305_1326,0.5948681445256379
2019_1305_1328,0.6201517632729306
2019_1305_1330,0.8138371275450729
2019_1305_1332,0.5151009129329229
2019_1305_1341,0.9658348665674623
2019_1305_1345,0.39090233125967877
2019_1305_1371,0.5775363944177989
2019_1305_1385,0.6710921391955016
2019_1305_1387,0.8008264686094226
2019_1305_1388,0.6545348946358386
2019_1305_1393,0.6124247329023284
2019_1305_1396,0.6637443212427093
2019_1305_1397,0.33863104789080667
2019_1305_1403,0.3205502196225244
2019_1305_1414,0.7670226196056038
2019_1305_1416,0.6019228424290164
2019_1305_1429,0.6334468699999034
2019_1305_1433,0.7077766076639775
2019_1305_1436,0.7835848582700292
2019_1305_1437,0.39940533692229563
2019_1305_1438,0.2118443947215436
2019_1305_1439,0.414703272940968
2019_1305_1449,0.5847489715996683
2019_1305_1458,0.5395610922258078
2019_1305_1459,0.7701017797573941
2019_1305_1463,0.8276635772075259
2019_1308_1314,0.16676600045430445
2019_1308_1318,0.6450066644396548
2019_1308_1326,0.4440608880827459
2019_1308_1328,0.47037677144959034
2019_1308_1330,0.7039781453254421
2019_1308_1332,0.3662351777966003
2019_1308_1341,0.938943919491167
2019_1308_1345,0.2587750172436891
2019_1308_1371,0.4264974188388494
2019_1308_1385,0.5260525119904778
2019_1308_1387,0.6862495769336989
2019_1308_1388,0.5075516700540412
2019_1308_1393,0.4622449288690196
2019_1308_1396,0.5177927130417179
2019_1308_1397,0.217852523192127
2019_1308_1403,0.20422914517269386
2019_1308_1414,0.6417000831348616
2019_1308_1416,0.4513194822189299
2019_1308_1429,0.4845570061998412
2019_1308_1433,0.5685127271102833
2019_1308_1436,0.663260137398239
2019_1308_1437,0.26565747828677955
2019_1308_1438,0.12756436699602514
2019_1308_1439,0.2782055918356403
2019_1308_1449,0.4337604351316068
2019_1308_1458,0.38930169742712706
2019_1308_1459,0.6456704258386998
2019_1308_1463,0.7231886665542477
2019_1314_1318,0.9017499394138913
2019_1314_1326,0.8013833223629903
2019_1314_1328,0.8177277342284183
2019_1314_1330,0.9231526613897866
2019_1314_1332,0.7448359837686571
2019_1314_1341,0.9872906020712294
2019_1314_1345,0.6381432972941872
2019_1314_1371,0.7897640286380873
2019_1314_1385,0.848638753910123
2019_1314_1387,0.9170027723183827
2019_1314_1388,0.8388733080609301
2019_1314_1393,0.8128066857603591
2019_1314_1396,0.8443373126898075
2019_1314_1397,0.584539004764462
2019_1314_1403,0.5645357731455629
2019_1314_1414,0.9004657563469681
2019_1314_1416,0.8060145893593967
2019_1314_1429,0.8260472297055736
2019_1314_1433,0.8693751700397278
2019_1314_1436,0.9086711325494891
2019_1314_1437,0.6463176677710902
2019_1314_1438,0.42482230562193724
2019_1314_1439,0.6606696413141341
2019_1314_1449,0.7946416722803781
2019_1314_1458,0.7630385900862261
2019_1314_1459,0.9020065788722306
2019_1314_1463,0.9295628580836752
2019_1318_1326,0.3027066270788581
2019_1318_1328,0.3255510105950563
2019_1318_1330,0.5637926884853113
2019_1318_1332,0.23900409598356254
2019_1318_1341,0.8931394416761276
2019_1318_1345,0.15948161102083358
2019_1318_1371,0.28783931953163777
2019_1318_1385,0.3762629801870506
2019_1318_1387,0.543117267855522
2019_1318_1388,0.3590393544027912
2019_1318_1393,0.3184176203478074
2019_1318_1396,0.368526323042904
2019_1318_1397,0.1314761009565929
2019_1318_1403,0.12240890064406229
2019_1318_1414,0.4932518122098857
2019_1318_1416,0.3089386491721071
2019_1318_1429,0.3381528421122034
2019_1318_1433,0.41727756600046984
2019_1318_1436,0.5170213035576416
2019_1318_1437,0.1643086329186162
2019_1318_1438,0.0736169280194312
2019_1318_1439,0.17319868736225374
2019_1318_1449,0.29395134491324193
2019_1318_1458,0.2573107010177037
2019_1318_1459,0.49757918994245576
2019_1318_1463,0.5867603875539649
2019_1326_1328,0.5230170401087091
2019_1326_1330,0.745940842623924
2019_1326_1332,0.41638356137829924
2019_1326_1341,0.9499662218115211
2019_1326_1345,0.3012021121773547
2019_1326_1371,0.4786652134919348
2019_1326_1385,0.5781222172737478
2019_1326_1387,0.7297606715187492
2019_1326_1388,0.5599536881206935
2019_1326_1393,0.5148598298618026
2019_1326_1396,0.570028159839285
2019_1326_1397,0.2558864505706663
2019_1326_1403,0.2406163206039743
2019_1326_1414,0.6885857355159033
2019_1326_1416,0.5038559898630224
2019_1326_1429,0.5371746483661679
2019_1326_1433,0.6192935559908335
2019_1326_1436,0.7086056566489254
2019_1326_1437,0.30874296245327937
2019_1326_1438,0.15291709298669165
2019_1326_1439,0.32243261547112556
2019_1326_1449,0.48606367772788883
2019_1326_1458,0.4404136827138003
2019_1326_1459,0.6922856717371406
2019_1326_1463,0.7633436253582749
2019_1328_1330,0.729946522930971
2019_1328_1332,0.3964294102405024
2019_1328_1341,0.9458845198351237
2019_1328_1345,0.28408093776480636
2019_1328_1371,0.4580689956308627
2019_1328_1385,0.5578255409955194
2019_1328_1387,0.7131394517913545
2019_1328_1388,0.5394792039841231
2019_1328_1393,0.4941824992174799
2019_1328_1396,0.5496454226845082
2019_1328_1397,0.2404547947338005
2019_1328_1403,0.22582608029343476
2019_1328_1414,0.6705752307601077
2019_1328_1416,0.483180444381363
2019_1328_1429,0.5165553502030864
2019_1328_1433,0.5996058127346819
2019_1328_1436,0.6912338108890824
2019_1328_1437,0.2913718726346777
2019_1328_1438,0.14250594151547702
2019_1328_1439,0.30463072705710337
2019_1328_1449,0.4654333245726169
2019_1328_1458,0.42013695607243706
2019_1328_1459,0.6743879642950477
2019_1328_1463,0.7480748868420597
2019_1330_1332,0.2008525543984665
2019_1330_1341,0.8699357529157914
2019_1330_1345,0.13182508156729655
2019_1330_1371,0.24439587298389065
2019_1330_1385,0.3255750003173107
2019_1330_1387,0.4875204431575514
2019_1330_1388,0.3095202437480711
2019_1330_1393,0.27212249983776693
2019_1330_1396,0.31834863409085046
2019_1330_1397,0.10805181982727863
2019_1330_1403,0.10041329848182823
2019_1330_1414,0.43786743642271175
2019_1330_1416,0.263488913307383
2019_1330_1429,0.29021012145855907
2019_1330_1433,0.36429133889402376
2019_1330_1436,0.4613980781248006
2019_1330_1437,0.1359504187563757
2019_1330_1438,0.05979139951514556
2019_1330_1439,0.1435697252143835
2019_1330_1449,0.24990912884126282
2019_1330_1458,0.21707048092439107
2019_1330_1459,0.4421328576739636
2019_1330_1463,0.5318970825410598
2019_1332_1341,0.9632588338285593
2019_1332_1345,0.37311327553905493
2019_1332_1371,0.559049464554013
2019_1332_1385,0.6542482612145267
2019_1332_1387,0.7885329354303778
2019_1332_1388,0.6373013628116628
2019_1332_1393,0.5943922934980708
2019_1332_1396,0.6467222391948517
2019_1332_1397,0.32196335448571134
2019_1332_1403,0.3043629215719378
2019_1332_1414,0.7532854085953351
2019_1332_1416,0.5837339007633224
2019_1332_1429,0.6157788865898493
2019_1332_1433,0.691949034056994
2019_1332_1436,0.7705320603790611
2019_1332_1437,0.38147167330010645
2019_1332_1438,0.19953447641548605
2019_1332_1439,0.3965362306956246
2019_1332_1449,0.566340669907436
2019_1332_1458,0.520791236304271
2019_1332_1459,0.7564884868675923
2019_1332_1463,0.8166472498114149
2019_1341_1345,0.0222956872998884
2019_1341_1371,0.04632571581028255
2019_1341_1385,0.06759934373916943
2019_1341_1387,0.12500927976390763
2019_1341_1388,0.06307611536807789
2019_1341_1393,0.05316235296773619
2019_1341_1396,0.06554246514476669
2019_1341_1397,0.017868359619643392
2019_1341_1403,0.016487343264585563
2019_1341_1414,0.104732019204689
2019_1341_1416,0.05098903670567312
2019_1341_1429,0.05785275626850506
2019_1341_1433,0.07924255612119124
2019_1341_1436,0.11399052845722102
2019_1341_1437,0.023084548475662436
2019_1341_1438,0.009460386244572905
2019_1341_1439,0.024558101172189595
2019_1341_1449,0.047652553989729896
2019_1341_1458,0.03997453086160707
2019_1341_1459,0.10636630313520223
2019_1341_1463,0.14577442875980928
2019_1345_1371,0.686860062684543
2019_1345_1385,0.766014335818909
2019_1345_1387,0.8657950447253933
2019_1345_1388,0.7524730101528465
2019_1345_1393,0.7171418709023805
2019_1345_1396,0.7600288057222802
2019_1345_1397,0.4510105602390895
2019_1345_1403,0.43083820366222847
2019_1345_1414,0.8408260494219408
2019_1345_1416,0.7081251364370937
2019_1345_1429,0.7349423861768386
2019_1345_1433,0.7953404200081413
2019_1345_1436,0.8531461621715425
2019_1345_1437,0.5162115052655345
2019_1345_1438,0.3013176297893704
2019_1345_1439,0.5320202582727184
2019_1345_1449,0.6931976984806989
2019_1345_1458,0.6528041384227432
2019_1345_1459,0.8431292754385081
2019_1345_1463,0.8851337642883661
2019_1371_1385,0.5993809893436951
2019_1371_1387,0.7467258445040024
2019_1371_1388,0.5814651863749538
2019_1371_1393,0.5367520341261487
2019_1371_1396,0.59140653475355
2019_1371_1397,0.2729626406338779
2019_1371_1403,0.257025466309335
2019_1371_1414,0.707098311692305
2019_1371_1416,0.5257873961455564
2019_1371_1429,0.5589225483362834
2019_1371_1433,0.6397703953956029
2019_1371_1436,0.7264009888632027
2019_1371_1437,0.3277926256367292
2019_1371_1438,0.1646421657103848
2019_1371_1439,0.3419091541503172
2019_1371_1449,0.5080136116814551
2019_1371_1458,0.4621559164643756
2019_1371_1459,0.7106707166929798
2019_1371_1463,0.7788394504415348
2019_1385_1387,0.6667111505662282
2019_1385_1388,0.485232497395762
2019_1385_1393,0.4401373936415244
2019_1385_1396,0.49547630945565924
2019_1385_1397,0.20302063718732688
2019_1385_1403,0.1900993397511722
2019_1385_1414,0.6209198787299397
2019_1385_1416,0.42931731369276405
2019_1385_1429,0.46229973932750135
2019_1385_1433,0.5464877256401355
2019_1385_1436,0.6430347649722321
2019_1385_1437,0.24860541983145878
2019_1385_1438,0.11795249311249278
2019_1385_1439,0.26063396135086603
2019_1385_1449,0.4119715513578647
2019_1385_1458,0.3682935219362232
2019_1385_1459,0.6249859186330173
2019_1385_1463,0.7049615961952831
2019_1387_1388,0.32172187246831474
2019_1387_1393,0.2834550802077084
2019_1387_1396,0.33073158790675694
2019_1387_1397,0.11361821255836546
2019_1387_1403,0.10563278809087195
2019_1387_1414,0.4518178935396735
2019_1387_1416,0.2745975886837567
2019_1387_1429,0.3019834485593146
2019_1387_1433,0.37747174668085737
2019_1387_1436,0.4754641203309642
2019_1387_1437,0.14272405888908002
2019_1387_1438,0.06304734630639264
2019_1387_1439,0.15065680003507642
2019_1387_1449,0.2606478945930013
2019_1387_1458,0.22682485901211047
2019_1387_1459,0.45610894614747755
2019_1387_1463,0.545933867701689
2019_1388_1393,0.45552032981929624
2019_1388_1396,0.5110279507618412
2019_1388_1397,0.21327322318045594
2019_1388_1403,0.1998630356606872
2019_1388_1414,0.6354497660852676
2019_1388_1416,0.44462240966574607
2019_1388_1429,0.4777962159434317
2019_1388_1433,0.5618574180892945
2019_1388_1436,0.6571849974481393
2019_1388_1437,0.26040787000859933
2019_1388_1438,0.12458064680878078
2019_1388_1439,0.27280013736194686
2019_1388_1449,0.42712108851378294
2019_1388_1458,0.3828827091409108
2019_1388_1459,0.6394504539997943
2019_1388_1463,0.7177345821374077
2019_1393_1396,0.555866225636717
2019_1393_1397,0.24508056517218413
2019_1393_1403,0.2302557422313034
2019_1393_1414,0.6761099443342793
2019_1393_1416,0.4894665772554877
2019_1393_1429,0.5228364280194775
2019_1393_1433,0.6056316570752796
2019_1393_1436,0.6965784867519089
2019_1393_1437,0.2965946715813117
2019_1393_1438,0.14560864195755086
2019_1393_1439,0.30998722407941837
2019_1393_1449,0.47169930003802474
2019_1393_1458,0.42627940219347027
2019_1393_1459,0.6798891989219925
2019_1393_1463,0.7527875398185043
2019_1396_1397,0.2104544369450495
2019_1396_1403,0.1971770674931168
2019_1396_1414,0.6315302570685815
2019_1396_1416,0.4404578144562741
2019_1396_1429,0.473585859492474
2019_1396_1433,0.5576974096245433
2019_1396_1436,0.6533717036638294
2019_1396_1437,0.25716975480425075
2019_1396_1438,0.12275119075703766
2019_1396_1439,0.2694640702593546
2019_1396_1449,0.42299556776042346
2019_1396_1458,0.37890187037472245
2019_1396_1459,0.6355492890452702
2019_1396_1463,0.7143020100287027
2019_1397_1403,0.4786659509094353
2019_1397_1414,0.864997258479798
2019_1397_1416,0.7463690163367394
2019_1397_1429,0.7708097217246567
2019_1397_1433,0.824981069087418
2019_1397_1436,0.8757230315784945
2019_1397_1437,0.5641231532260076
2019_1397_1438,0.3434432622082132
2019_1397_1439,0.5796411963040571
2019_1397_1449,0.7326590715720928
2019_1397_1458,0.695176354676358
2019_1397_1459,0.8670060511241113
2019_1397_1463,0.9033500620269714
2019_1403_1414,0.8737261350378333
2019_1403_1416,0.7606456270061039
2019_1403_1429,0.7841085325762327
2019_1403_1433,0.8358061468504174
2019_1403_1436,0.883851531517699
2019_1403_1437,0.582925734135104
2019_1403_1438,0.3609819962388059
2019_1403_1439,0.5982510984469791
2019_1403_1449,0.7474462688751207
2019_1403_1458,0.7112196219887386
2019_1403_1459,0.8756237206751759
2019_1403_1463,0.9098575808798189
2019_1414_1416,0.3138583631723223
2019_1414_1429,0.3433066649951031
2019_1414_1433,0.42286683366743916
2019_1414_1436,0.522748076504878
2019_1414_1437,0.16748336544223807
2019_1414_1438,0.07519701412066992
2019_1414_1439,0.17650891102808852
2019_1414_1449,0.29873556450090033
2019_1414_1458,0.26171962903904233
2019_1414_1459,0.5033150304341576
2019_1414_1463,0.5923122952831483
2019_1416_1429,0.529415482270428
2019_1416_1433,0.6119164902100167
2019_1416_1436,0.702126806394175
2019_1416_1437,0.3021294243474417
2019_1416_1438,0.14892236587915597
2019_1416_1439,0.3156597420205225
2019_1416_1449,0.47827985965743036
2019_1416_1458,0.4327453531207418
2019_1416_1459,0.6856049568309599
2019_1416_1463,0.7576656036303295
2019_1429_1433,0.5762940428479779
2019_1429_1436,0.6703236379250134
2019_1429_1437,0.27190572170231364
2019_1429_1438,0.13114471385241655
2019_1429_1439,0.2846345718989012
2019_1429_1449,0.44158491280328627
2019_1429_1458,0.39688631618204284
2019_1429_1459,0.6529098081475166
2019_1429_1463,0.7295077588674537
2019_1433_1436,0.6056181974334116
2019_1433_1437,0.2199952481155657
2019_1433_1438,0.10233050820775591
2019_1433_1439,0.2310651991032895
2019_1433_1449,0.3739165189914343
2019_1433_1458,0.331995223118285
2019_1433_1459,0.5868928878213084
2019_1433_1463,0.670712129284762
2019_1436_1437,0.1552675965977195
2019_1436_1438,0.06915323248941263
2019_1436_1439,0.16376433790833944
2019_1436_1449,0.2801683023818108
2019_1436_1458,0.24465038524428662
2019_1436_1459,0.4807494321094139
2019_1436_1463,0.5703383886999929
2019_1437_1438,0.2925517468165998
2019_1437_1439,0.5215528641665843
2019_1437_1449,0.684195429813836
2019_1437_1458,0.6432266473523809
2019_1437_1459,0.8374950098054674
2019_1437_1463,0.8807948572328425
2019_1438_1439,0.726152542772013
2019_1438_1449,0.840512193263538
2019_1438_1458,0.8143187531018421
2019_1438_1459,0.9261247142884744
2019_1438_1463,0.9472951293056552
2019_1439_1449,0.6696331117021268
2019_1439_1458,0.6278028650837489
2019_1439_1459,0.8282268990267007
2019_1439_1463,0.8736236125817741
2019_1449_1458,0.4528986849069073
2019_1449_1459,0.7029415041573438
2019_1449_1463,0.7723479612713715
2019_1458_1459,0.7419830058228171
2019_1458_1463,0.8048006309872764
2019_1459_1463,0.5977319550312368
